{"cameraMode":{"drawMode":0,"name":"Shaded","section":"Shading Mode"},"sceneLighting":true,"audioPlay":false,"sceneViewState":{"showFog":false,"showMaterialUpdate":false,"showSkybox":false,"showFlares":false,"showImageEffects":false,"showParticleSystems":false},"in2DMode":false,"pivot":{"x":-2.3308119773864748,"y":7.299449920654297,"z":-0.6734943389892578},"rotation":{"x":0.020272422581911088,"y":0.897025465965271,"z":0.4396268427371979,"w":-0.04149602726101875},"size":20.157407760620118,"orthographic":false}