{"cameraMode":{"drawMode":0,"name":"Shaded","section":"Shading Mode"},"sceneLighting":false,"audioPlay":false,"sceneViewState":{"showFog":true,"showMaterialUpdate":false,"showSkybox":false,"showFlares":true,"showImageEffects":true,"showParticleSystems":true},"in2DMode":false,"pivot":{"x":5.725954532623291,"y":-2.125000476837158,"z":0.4346340298652649},"rotation":{"x":0.08286477625370026,"y":0.881787121295929,"z":-0.16895392537117005,"w":0.43248066306114199},"size":8.975621223449707,"orthographic":false}